[
{
    "model": "rentals.category",
    "pk": 1,
    "fields": {
        "name": "ابزار و تجهیزات",
        "description": "",
        "parent": null
    }
},
{
    "model": "rentals.category",
    "pk": 2,
    "fields": {
        "name": "دوربین و عکاسی",
        "description": "",
        "parent": null
    }
},
{
    "model": "rentals.category",
    "pk": 3,
    "fields": {
        "name": "کمپینگ و سفر",
        "description": "",
        "parent": null
    }
},
{
    "model": "rentals.category",
    "pk": 4,
    "fields": {
        "name": "لباس و لوازم مجلسی",
        "description": "",
        "parent": null
    }
},
{
    "model": "rentals.category",
    "pk": 5,
    "fields": {
        "name": "لوازم خانگی",
        "description": "",
        "parent": null
    }
},
{
    "model": "rentals.category",
    "pk": 6,
    "fields": {
        "name": "تجهیزات مجالس",
        "description": "",
        "parent": null
    }
},
{
    "model": "rentals.category",
    "pk": 7,
    "fields": {
        "name": "دیجیتال و اداری",
        "description": "",
        "parent": null
    }
},
{
    "model": "rentals.category",
    "pk": 8,
    "fields": {
        "name": "وسایل نقلیه",
        "description": "",
        "parent": null
    }
},
{
    "model": "rentals.category",
    "pk": 9,
    "fields": {
        "name": "سرگرمی و آموزشی",
        "description": "",
        "parent": null
    }
},
{
    "model": "rentals.category",
    "pk": 10,
    "fields": {
        "name": "ابزار برقی",
        "description": "",
        "parent": 1
    }
},
{
    "model": "rentals.category",
    "pk": 11,
    "fields": {
        "name": "ابزار دستی",
        "description": "",
        "parent": 1
    }
},
{
    "model": "rentals.category",
    "pk": 12,
    "fields": {
        "name": "تجهیزات ساختمانی",
        "description": "",
        "parent": 1
    }
},
{
    "model": "rentals.category",
    "pk": 13,
    "fields": {
        "name": "ابزار اندازه‌گیری",
        "description": "",
        "parent": 1
    }
},
{
    "model": "rentals.category",
    "pk": 14,
    "fields": {
        "name": "تجهیزات ایمنی",
        "description": "",
        "parent": 1
    }
},
{
    "model": "rentals.category",
    "pk": 15,
    "fields": {
        "name": "دستگاه‌های صنعتی",
        "description": "",
        "parent": 1
    }
},
{
    "model": "rentals.category",
    "pk": 16,
    "fields": {
        "name": "دوربین DSLR و بدون آینه",
        "description": "",
        "parent": 2
    }
},
{
    "model": "rentals.category",
    "pk": 17,
    "fields": {
        "name": "لنزهای تخصصی",
        "description": "",
        "parent": 2
    }
},
{
    "model": "rentals.category",
    "pk": 18,
    "fields": {
        "name": "سه‌پایه و استابلایزر",
        "description": "",
        "parent": 2
    }
},
{
    "model": "rentals.category",
    "pk": 19,
    "fields": {
        "name": "فلاش و نورپردازی",
        "description": "",
        "parent": 2
    }
},
{
    "model": "rentals.category",
    "pk": 20,
    "fields": {
        "name": "تجهیزات بک‌گراند و پرده",
        "description": "",
        "parent": 2
    }
},
{
    "model": "rentals.category",
    "pk": 21,
    "fields": {
        "name": "کارت حافظه و باتری یدکی",
        "description": "",
        "parent": 2
    }
},
{
    "model": "rentals.category",
    "pk": 22,
    "fields": {
        "name": "چادر و کیسه خواب",
        "description": "",
        "parent": 3
    }
},
{
    "model": "rentals.category",
    "pk": 23,
    "fields": {
        "name": "کوله‌پشتی و تجهیزات کوهنوردی",
        "description": "",
        "parent": 3
    }
},
{
    "model": "rentals.category",
    "pk": 24,
    "fields": {
        "name": "اجاق گاز سفری و ظروف کمپینگ",
        "description": "",
        "parent": 3
    }
},
{
    "model": "rentals.category",
    "pk": 25,
    "fields": {
        "name": "چراغ قوه و پاوربانک",
        "description": "",
        "parent": 3
    }
},
{
    "model": "rentals.category",
    "pk": 26,
    "fields": {
        "name": "صندلی و میز تاشو",
        "description": "",
        "parent": 3
    }
},
{
    "model": "rentals.category",
    "pk": 27,
    "fields": {
        "name": "تجهیزات ماهیگیری و طبیعت‌گردی",
        "description": "",
        "parent": 3
    }
},
{
    "model": "rentals.category",
    "pk": 28,
    "fields": {
        "name": "لباس شب و مجلسی زنانه",
        "description": "",
        "parent": 4
    }
},
{
    "model": "rentals.category",
    "pk": 29,
    "fields": {
        "name": "کت و شلوار و لباس رسمی مردانه",
        "description": "",
        "parent": 4
    }
},
{
    "model": "rentals.category",
    "pk": 30,
    "fields": {
        "name": "لباس کودک برای مراسم",
        "description": "",
        "parent": 4
    }
},
{
    "model": "rentals.category",
    "pk": 31,
    "fields": {
        "name": "کیف و کفش مجلسی",
        "description": "",
        "parent": 4
    }
},
{
    "model": "rentals.category",
    "pk": 32,
    "fields": {
        "name": "اکسسوری (جواهرات، کراوات، شال)",
        "description": "",
        "parent": 4
    }
},
{
    "model": "rentals.category",
    "pk": 33,
    "fields": {
        "name": "تاج و تور عروس",
        "description": "",
        "parent": 4
    }
},
{
    "model": "rentals.category",
    "pk": 34,
    "fields": {
        "name": "یخچال، فریزر، ماشین لباسشویی",
        "description": "",
        "parent": 5
    }
},
{
    "model": "rentals.category",
    "pk": 35,
    "fields": {
        "name": "اجاق گاز، مایکروویو، پلوپز",
        "description": "",
        "parent": 5
    }
},
{
    "model": "rentals.category",
    "pk": 36,
    "fields": {
        "name": "تلویزیون، کولر، بخاری",
        "description": "",
        "parent": 5
    }
},
{
    "model": "rentals.category",
    "pk": 37,
    "fields": {
        "name": "جاروبرقی، اتو، پنکه",
        "description": "",
        "parent": 5
    }
},
{
    "model": "rentals.category",
    "pk": 38,
    "fields": {
        "name": "مبلمان، تخت خواب، فرش",
        "description": "",
        "parent": 5
    }
},
{
    "model": "rentals.category",
    "pk": 39,
    "fields": {
        "name": "ظروف آشپزخانه و سرویس غذاخوری",
        "description": "",
        "parent": 5
    }
},
{
    "model": "rentals.category",
    "pk": 40,
    "fields": {
        "name": "میز و صندلی مهمانی",
        "description": "",
        "parent": 6
    }
},
{
    "model": "rentals.category",
    "pk": 41,
    "fields": {
        "name": "سیستم صوتی و نورپردازی",
        "description": "",
        "parent": 6
    }
},
{
    "model": "rentals.category",
    "pk": 42,
    "fields": {
        "name": "سفره عقد و جایگاه عروس",
        "description": "",
        "parent": 6
    }
},
{
    "model": "rentals.category",
    "pk": 43,
    "fields": {
        "name": "چادر، سایه‌بان، کولر و بخاری",
        "description": "",
        "parent": 6
    }
},
{
    "model": "rentals.category",
    "pk": 44,
    "fields": {
        "name": "ظروف پذیرایی و یخچال نوشیدنی",
        "description": "",
        "parent": 6
    }
},
{
    "model": "rentals.category",
    "pk": 45,
    "fields": {
        "name": "استند، بنر، میز پذیرش",
        "description": "",
        "parent": 6
    }
},
{
    "model": "rentals.category",
    "pk": 46,
    "fields": {
        "name": "لپ‌تاپ و کامپیوتر رومیزی",
        "description": "",
        "parent": 7
    }
},
{
    "model": "rentals.category",
    "pk": 47,
    "fields": {
        "name": "پرینتر، اسکنر، دستگاه کپی",
        "description": "",
        "parent": 7
    }
},
{
    "model": "rentals.category",
    "pk": 48,
    "fields": {
        "name": "پروژکتور و پرده نمایش",
        "description": "",
        "parent": 7
    }
},
{
    "model": "rentals.category",
    "pk": 49,
    "fields": {
        "name": "مانیتور، تبلت، موبایل",
        "description": "",
        "parent": 7
    }
},
{
    "model": "rentals.category",
    "pk": 50,
    "fields": {
        "name": "تجهیزات شبکه و مودم",
        "description": "",
        "parent": 7
    }
},
{
    "model": "rentals.category",
    "pk": 51,
    "fields": {
        "name": "دوربین وب‌کم و میکروفون",
        "description": "",
        "parent": 7
    }
},
{
    "model": "rentals.category",
    "pk": 52,
    "fields": {
        "name": "خودرو سواری (اقتصادی، لوکس)",
        "description": "",
        "parent": 8
    }
},
{
    "model": "rentals.category",
    "pk": 53,
    "fields": {
        "name": "موتور سیکلت و دوچرخه",
        "description": "",
        "parent": 8
    }
},
{
    "model": "rentals.category",
    "pk": 54,
    "fields": {
        "name": "وانت و کامیونت",
        "description": "",
        "parent": 8
    }
},
{
    "model": "rentals.category",
    "pk": 55,
    "fields": {
        "name": "ون و مینی‌بوس",
        "description": "",
        "parent": 8
    }
},
{
    "model": "rentals.category",
    "pk": 56,
    "fields": {
        "name": "تجهیزات باربری (تریلر، چرخ‌دستی)",
        "description": "",
        "parent": 8
    }
},
{
    "model": "rentals.category",
    "pk": 57,
    "fields": {
        "name": "اسکوتر برقی و وسایل نقلیه سبک",
        "description": "",
        "parent": 8
    }
},
{
    "model": "rentals.category",
    "pk": 58,
    "fields": {
        "name": "بازی‌های فکری و گروهی",
        "description": "",
        "parent": 9
    }
},
{
    "model": "rentals.category",
    "pk": 59,
    "fields": {
        "name": "سازهای موسیقی (گیتار، کیبورد، سنتور)",
        "description": "",
        "parent": 9
    }
},
{
    "model": "rentals.category",
    "pk": 60,
    "fields": {
        "name": "تجهیزات ورزشی (تردمیل، دمبل، توپ)",
        "description": "",
        "parent": 9
    }
},
{
    "model": "rentals.category",
    "pk": 61,
    "fields": {
        "name": "کتاب و جزوه آموزشی",
        "description": "",
        "parent": 9
    }
},
{
    "model": "rentals.category",
    "pk": 62,
    "fields": {
        "name": "وسایل نقاشی و طراحی",
        "description": "",
        "parent": 9
    }
},
{
    "model": "rentals.category",
    "pk": 63,
    "fields": {
        "name": "وسایل آموزشی کودک و نوجوان",
        "description": "",
        "parent": 9
    }
},
{
    "model": "rentals.category",
    "pk": 64,
    "fields": {
        "name": "لوازم سوارکاری",
        "description": "لوازم نعل بندی _لوازم کورس_تجهیزات اصطبل",
        "parent": 60
    }
},
{
    "model": "rentals.item",
    "pk": 1,
    "fields": {
        "name": "تور ماهیگیری",
        "description": "این تور ماهیگیری دستی میباشد که برای صید انواع ماهی دریا مناسب است #\r\n                                              نخ ابریشم ژاپنی _سرب سنگین و طناب بلند #",
        "category": 3,
        "owner": 2,
        "price_per_day": 100,
        "image": "items/f202011302241416704.jpg",
        "is_available": false
    }
},
{
    "model": "rentals.item",
    "pk": 2,
    "fields": {
        "name": "دستگاه صنعتی پرس آجر",
        "description": ":این دستگاه به صورت سالانه اجاره داده میشود\r\nسال ساخت 1387\r\nc219p  مدل  \r\n 21KW  برق مصرفی  \r\n 6500KG  وزن  \r\n300  تناژ",
        "category": 1,
        "owner": 2,
        "price_per_day": 150,
        "image": "items/Screenshot_20251031_000330_Gallery.jpg",
        "is_available": false
    }
},
{
    "model": "rentals.item",
    "pk": 3,
    "fields": {
        "name": "تاج عروس",
        "description": "",
        "category": 4,
        "owner": 2,
        "price_per_day": 200,
        "image": "items/satishocom5-2.jpg",
        "is_available": true
    }
},
{
    "model": "rentals.item",
    "pk": 4,
    "fields": {
        "name": "قلاب ماهیگیری",
        "description": "3 متر دسته چوب",
        "category": 3,
        "owner": 2,
        "price_per_day": 1200000,
        "image": "items/DSC04351_535x.webp",
        "is_available": true
    }
},
{
    "model": "rentals.rental",
    "pk": 1,
    "fields": {
        "item": 3,
        "renter_name": "پریا مکوندی",
        "renter_phone": "09303558210",
        "start_date": "2025-11-04",
        "end_date": "2025-11-06",
        "message": null,
        "created_at": "2025-10-31T13:49:34.819Z"
    }
},
{
    "model": "rentals.rentalrequest",
    "pk": 1,
    "fields": {
        "item": 1,
        "renter": 2,
        "start_date": "2025-10-08",
        "end_date": "2025-10-11",
        "status": "pending",
        "created_at": "2025-10-30T20:54:43.924Z"
    }
},
{
    "model": "rentals.rentalrequest",
    "pk": 2,
    "fields": {
        "item": 1,
        "renter": 2,
        "start_date": "2025-10-31",
        "end_date": "2025-11-03",
        "status": "pending",
        "created_at": "2025-10-30T23:13:05.212Z"
    }
},
{
    "model": "rentals.rentalrequest",
    "pk": 3,
    "fields": {
        "item": 1,
        "renter": 2,
        "start_date": "2025-10-30",
        "end_date": "2025-11-01",
        "status": "pending",
        "created_at": "2025-10-31T12:31:04.297Z"
    }
},
{
    "model": "rentals.rentalrequest",
    "pk": 4,
    "fields": {
        "item": 2,
        "renter": 2,
        "start_date": "2025-10-31",
        "end_date": "2025-11-02",
        "status": "pending",
        "created_at": "2025-10-31T12:41:45.227Z"
    }
},
{
    "model": "rentals.rentalrequest",
    "pk": 5,
    "fields": {
        "item": 1,
        "renter": 2,
        "start_date": "2025-11-01",
        "end_date": "2025-11-03",
        "status": "rejected",
        "created_at": "2025-10-31T12:50:06.812Z"
    }
},
{
    "model": "rentals.rentalrequest",
    "pk": 6,
    "fields": {
        "item": 3,
        "renter": 2,
        "start_date": "2025-11-01",
        "end_date": "2025-11-03",
        "status": "pending",
        "created_at": "2025-10-31T13:08:26.531Z"
    }
},
{
    "model": "rentals.rentalrequest",
    "pk": 7,
    "fields": {
        "item": 3,
        "renter": 2,
        "start_date": "2025-11-01",
        "end_date": "2025-11-03",
        "status": "pending",
        "created_at": "2025-10-31T13:16:49.208Z"
    }
},
{
    "model": "rentals.rentalrequest",
    "pk": 8,
    "fields": {
        "item": 3,
        "renter": 2,
        "start_date": "2025-11-01",
        "end_date": "2025-11-02",
        "status": "pending",
        "created_at": "2025-10-31T13:17:31.822Z"
    }
}
]
